Path,var,var_alias,Description,is_categogy,Values
Personas. Demografía.,POBTOT,POBTOT,Total de personas que residen habitualmente en el municipio,False,"{'is_category': 'false', 'min': 0, 'max': 999999999}"
Personas. Demografía.,POBFEM,POBFEM,Total de mujeres que residen habitualmente en el municipio.,False,"{'is_category': 'false', 'min': 0, 'max': 999999999}"
Personas. Demografía.,POBMAS,POBMAS,Total de hombres que residen habitualmente en el municipio.,False,"{'is_category': 'false', 'min': 0, 'max': 999999999}"
Personas. Demografía.,P_0A2,P_0A2,Personas de 0 a 2 años de edad.,False,"{'is_category': 'false', 'min': 0, 'max': 999999999}"
Personas. Demografía.,P_0A2_F,P_0A2_F,Mujeres de 0 a 2 años de edad.,False,"{'is_category': 'false', 'min': 0, 'max': 999999999}"
Personas. Demografía.,P_0A2_M,P_0A2_M,Hombres de 0 a 2 años de edad.,False,"{'is_category': 'false', 'min': 0, 'max': 999999999}"
Personas. Demografía.,P_3YMAS,P_3YMAS,Personas de 3 a 130 años de edad.,False,"{'is_category': 'false', 'min': 0, 'max': 999999999}"
Personas. Demografía.,P_3YMAS_F,P_3YMAS_F,Mujeres de 3 a 130 años de edad.,False,"{'is_category': 'false', 'min': 0, 'max': 999999999}"
Personas. Demografía.,P_3YMAS_M,P_3YMAS_M,Hombres de 3 a 130 años de edad.,False,"{'is_category': 'false', 'min': 0, 'max': 999999999}"
Personas. Demografía.,P_5YMAS,P_5YMAS,Personas de 5 a 130 años de edad.,False,"{'is_category': 'false', 'min': 0, 'max': 999999999}"
Personas. Demografía.,P_5YMAS_F,P_5YMAS_F,Mujeres de 5 a 130 años de edad.,False,"{'is_category': 'false', 'min': 0, 'max': 999999999}"
Personas. Demografía.,P_5YMAS_M,P_5YMAS_M,Hombres de 5 a 130 años de edad.,False,"{'is_category': 'false', 'min': 0, 'max': 999999999}"
Personas. Demografía.,P_12YMAS,P_12YMAS,Personas de 12 a 130 años de edad.,False,"{'is_category': 'false', 'min': 0, 'max': 999999999}"
Personas. Demografía.,P_12YMAS_F,P_12YMAS_F,Mujeres de 12 a 130 años de edad.,False,"{'is_category': 'false', 'min': 0, 'max': 999999999}"
Personas. Demografía.,P_12YMAS_M,P_12YMAS_M,Hombres de 12 a 130 años de edad.,False,"{'is_category': 'false', 'min': 0, 'max': 999999999}"
Personas. Demografía.,P_15YMAS,P_15YMAS,Personas de 15 a 130 años de edad.,False,"{'is_category': 'false', 'min': 0, 'max': 999999999}"
Personas. Demografía.,P_15YMAS_F,P_15YMAS_F,Mujeres de 15 a 130 años de edad.,False,"{'is_category': 'false', 'min': 0, 'max': 999999999}"
Personas. Demografía.,P_15YMAS_M,P_15YMAS_M,Hombres de 15 a 130 años de edad.,False,"{'is_category': 'false', 'min': 0, 'max': 999999999}"
Personas. Demografía.,P_18YMAS,P_18YMAS,Personas de 18 a 130 años de edad.,False,"{'is_category': 'false', 'min': 0, 'max': 999999999}"
Personas. Demografía.,P_18YMAS_F,P_18YMAS_F,Mujeres de 18 a 130 años de edad.,False,"{'is_category': 'false', 'min': 0, 'max': 999999999}"
Personas. Demografía.,P_18YMAS_M,P_18YMAS_M,Hombres de 18 a 130 años de edad.,False,"{'is_category': 'false', 'min': 0, 'max': 999999999}"
Personas. Demografía.,P_3A5,P_3A5,Personas de 3 a 5 años de edad.,False,"{'is_category': 'false', 'min': 0, 'max': 999999999}"
Personas. Demografía.,P_3A5_F,P_3A5_F,Mujeres de 3 a 5 años de edad.,False,"{'is_category': 'false', 'min': 0, 'max': 999999999}"
Personas. Demografía.,P_3A5_M,P_3A5_M,Hombres de 3 a 5 años de edad.,False,"{'is_category': 'false', 'min': 0, 'max': 999999999}"
Personas. Demografía.,P_6A11,P_6A11,Personas de 6 a 11 años de edad.,False,"{'is_category': 'false', 'min': 0, 'max': 999999999}"
Personas. Demografía.,P_6A11_F,P_6A11_F,Mujeres de 6 a 11 años de edad.,False,"{'is_category': 'false', 'min': 0, 'max': 999999999}"
Personas. Demografía.,P_6A11_M,P_6A11_M,Hombres de 6 a 11 años de edad.,False,"{'is_category': 'false', 'min': 0, 'max': 999999999}"
Personas. Demografía.,P_8A14,P_8A14,Personas de 8 a 14 años de edad.,False,"{'is_category': 'false', 'min': 0, 'max': 999999999}"
Personas. Demografía.,P_8A14_F,P_8A14_F,Mujeres de 8 a 14 años de edad.,False,"{'is_category': 'false', 'min': 0, 'max': 999999999}"
Personas. Demografía.,P_8A14_M,P_8A14_M,Hombres de 8 a 14 años de edad.,False,"{'is_category': 'false', 'min': 0, 'max': 999999999}"
Personas. Demografía.,P_12A14,P_12A14,Personas de 12 a 14 años de edad.,False,"{'is_category': 'false', 'min': 0, 'max': 999999999}"
Personas. Demografía.,P_12A14_F,P_12A14_F,Mujeres de 12 a 14 años de edad.,False,"{'is_category': 'false', 'min': 0, 'max': 999999999}"
Personas. Demografía.,P_12A14_M,P_12A14_M,Hombres de 12 a 14 años de edad.,False,"{'is_category': 'false', 'min': 0, 'max': 999999999}"
Personas. Demografía.,P_15A17,P_15A17,Personas de 15 a 17 años de edad.,False,"{'is_category': 'false', 'min': 0, 'max': 999999999}"
Personas. Demografía.,P_15A17_F,P_15A17_F,Mujeres de 15 a 17 años de edad.,False,"{'is_category': 'false', 'min': 0, 'max': 999999999}"
Personas. Demografía.,P_15A17_M,P_15A17_M,Hombres de 15 a 17 años de edad.,False,"{'is_category': 'false', 'min': 0, 'max': 999999999}"
Personas. Demografía.,P_18A24,P_18A24,Personas de 18 a 24 años de edad.,False,"{'is_category': 'false', 'min': 0, 'max': 999999999}"
Personas. Demografía.,P_18A24_F,P_18A24_F,Mujeres de 18 a 24 años de edad.,False,"{'is_category': 'false', 'min': 0, 'max': 999999999}"
Personas. Demografía.,P_18A24_M,P_18A24_M,Hombres de 18 a 24 años de edad.,False,"{'is_category': 'false', 'min': 0, 'max': 999999999}"
Personas. Demografía.,P_15A49_F,P_15A49_F,Mujeres de 15 a 49 años de edad.,False,"{'is_category': 'false', 'min': 0, 'max': 999999999}"
Personas. Demografía.,P_60YMAS,P_60YMAS,Personas de 60 a 130 años de edad.,False,"{'is_category': 'false', 'min': 0, 'max': 999999999}"
Personas. Demografía.,P_60YMAS_F,P_60YMAS_F,Mujeres de 60 a 130 años de edad.,False,"{'is_category': 'false', 'min': 0, 'max': 999999999}"
Personas. Demografía.,P_60YMAS_M,P_60YMAS_M,Hombres de 60 a 130 años de edad.,False,"{'is_category': 'false', 'min': 0, 'max': 999999999}"
Personas. Demografía.,REL_H_M,REL_H_M,Número de hombres por cada 100 mujeres.,False,"{'is_category': 'false', 'min': 0, 'max': 999999999}"
Personas. Demografía.,POB0_14,POB0_14,Personas de 0 a 14 años de edad.,False,"{'is_category': 'false', 'min': 0, 'max': 999999999}"
Personas. Demografía.,POB15_64,POB15_64,Personas de 15 a 64 años de edad.,False,"{'is_category': 'false', 'min': 0, 'max': 999999999}"
Personas. Demografía.,POB65_MAS,POB65_MAS,Personas de 65 a 130 años de edad.,False,"{'is_category': 'false', 'min': 0, 'max': 999999999}"
Personas. Demografía.,P_0A4,P_0A4,Personas de 0 a 4 años de edad.,False,"{'is_category': 'false', 'min': 0, 'max': 999999999}"
Personas. Demografía.,P_0A4_F,P_0A4_F,Mujeres de 0 a 4 años de edad.,False,"{'is_category': 'false', 'min': 0, 'max': 999999999}"
Personas. Demografía.,P_0A4_M,P_0A4_M,Hombres de 0 a 4 años de edad.,False,"{'is_category': 'false', 'min': 0, 'max': 999999999}"
Personas. Demografía.,P_5A9,P_5A9,Personas de 5 a 9 años de edad.,False,"{'is_category': 'false', 'min': 0, 'max': 999999999}"
Personas. Demografía.,P_5A9_F,P_5A9_F,Mujeres de 5 a 9 años de edad.,False,"{'is_category': 'false', 'min': 0, 'max': 999999999}"
Personas. Demografía.,P_5A9_M,P_5A9_M,Hombres de 5 a 9 años de edad.,False,"{'is_category': 'false', 'min': 0, 'max': 999999999}"
Personas. Demografía.,P_10A14,P_10A14,Personas de 10 a 14 años de edad.,False,"{'is_category': 'false', 'min': 0, 'max': 999999999}"
Personas. Demografía.,P_10A14_F,P_10A14_F,Mujeres de 10 a 14 años de edad.,False,"{'is_category': 'false', 'min': 0, 'max': 999999999}"
Personas. Demografía.,P_10A14_M,P_10A14_M,Hombres de 10 a 14 años de edad.,False,"{'is_category': 'false', 'min': 0, 'max': 999999999}"
Personas. Demografía.,P_15A19,P_15A19,Personas de 15 a 19 años de edad.,False,"{'is_category': 'false', 'min': 0, 'max': 999999999}"
Personas. Demografía.,P_15A19_F,P_15A19_F,Mujeres de 15 a 19 años de edad.,False,"{'is_category': 'false', 'min': 0, 'max': 999999999}"
Personas. Demografía.,P_15A19_M,P_15A19_M,Hombres de 15 a 19 años de edad.,False,"{'is_category': 'false', 'min': 0, 'max': 999999999}"
Personas. Demografía.,P_20A24,P_20A24,Personas de 20 a 24 años de edad.,False,"{'is_category': 'false', 'min': 0, 'max': 999999999}"
Personas. Demografía.,P_20A24_F,P_20A24_F,Mujeres de 20 a 24 años de edad.,False,"{'is_category': 'false', 'min': 0, 'max': 999999999}"
Personas. Demografía.,P_20A24_M,P_20A24_M,Hombres de 20 a 24 años de edad.,False,"{'is_category': 'false', 'min': 0, 'max': 999999999}"
Personas. Demografía.,P_25A29,P_25A29,Personas de 25 a 29 años de edad.,False,"{'is_category': 'false', 'min': 0, 'max': 999999999}"
Personas. Demografía.,P_25A29_F,P_25A29_F,Mujeres de 25 a 29 años de edad.,False,"{'is_category': 'false', 'min': 0, 'max': 999999999}"
Personas. Demografía.,P_25A29_M,P_25A29_M,Hombres de 25 a 29 años de edad.,False,"{'is_category': 'false', 'min': 0, 'max': 999999999}"
Personas. Demografía.,P_30A34,P_30A34,Personas de 30 a 34 años de edad.,False,"{'is_category': 'false', 'min': 0, 'max': 999999999}"
Personas. Demografía.,P_30A34_F,P_30A34_F,Mujeres de 30 a 34 años de edad.,False,"{'is_category': 'false', 'min': 0, 'max': 999999999}"
Personas. Demografía.,P_30A34_M,P_30A34_M,Hombres de 30 a 34 años de edad.,False,"{'is_category': 'false', 'min': 0, 'max': 999999999}"
Personas. Demografía.,P_35A39,P_35A39,Personas de 35 a 39 años de edad.,False,"{'is_category': 'false', 'min': 0, 'max': 999999999}"
Personas. Demografía.,P_35A39_F,P_35A39_F,Mujeres de 35 a 39 años de edad.,False,"{'is_category': 'false', 'min': 0, 'max': 999999999}"
Personas. Demografía.,P_35A39_M,P_35A39_M,Hombres de 35 a 39 años de edad.,False,"{'is_category': 'false', 'min': 0, 'max': 999999999}"
Personas. Demografía.,P_40A44,P_40A44,Personas de 40 a 44 años de edad.,False,"{'is_category': 'false', 'min': 0, 'max': 999999999}"
Personas. Demografía.,P_40A44_F,P_40A44_F,Mujeres de 40 a 44 años de edad.,False,"{'is_category': 'false', 'min': 0, 'max': 999999999}"
Personas. Demografía.,P_40A44_M,P_40A44_M,Hombres de 40 a 44 años de edad.,False,"{'is_category': 'false', 'min': 0, 'max': 999999999}"
Personas. Demografía.,P_45A49,P_45A49,Personas de 45 a 49 años de edad.,False,"{'is_category': 'false', 'min': 0, 'max': 999999999}"
Personas. Demografía.,P_45A49_F,P_45A49_F,Mujeres de 45 a 49 años de edad.,False,"{'is_category': 'false', 'min': 0, 'max': 999999999}"
Personas. Demografía.,P_45A49_M,P_45A49_M,Hombres de 45 a 49 años de edad.,False,"{'is_category': 'false', 'min': 0, 'max': 999999999}"
Personas. Demografía.,P_50A54,P_50A54,Personas de 50 a 54 años de edad.,False,"{'is_category': 'false', 'min': 0, 'max': 999999999}"
Personas. Demografía.,P_50A54_F,P_50A54_F,Mujeres de 50 a 54 años de edad.,False,"{'is_category': 'false', 'min': 0, 'max': 999999999}"
Personas. Demografía.,P_50A54_M,P_50A54_M,Hombres de 50 a 54 años de edad.,False,"{'is_category': 'false', 'min': 0, 'max': 999999999}"
Personas. Demografía.,P_55A59,P_55A59,Personas de 55 a 59 años de edad.,False,"{'is_category': 'false', 'min': 0, 'max': 999999999}"
Personas. Demografía.,P_55A59_F,P_55A59_F,Mujeres de 55 a 59 años de edad.,False,"{'is_category': 'false', 'min': 0, 'max': 999999999}"
Personas. Demografía.,P_55A59_M,P_55A59_M,Hombres de 55 a 59 años de edad.,False,"{'is_category': 'false', 'min': 0, 'max': 999999999}"
Personas. Demografía.,P_60A64,P_60A64,Personas de 60 a 64 años de edad.,False,"{'is_category': 'false', 'min': 0, 'max': 999999999}"
Personas. Demografía.,P_60A64_F,P_60A64_F,Mujeres de 60 a 64 años de edad.,False,"{'is_category': 'false', 'min': 0, 'max': 999999999}"
Personas. Demografía.,P_60A64_M,P_60A64_M,Hombres de 60 a 64 años de edad.,False,"{'is_category': 'false', 'min': 0, 'max': 999999999}"
Personas. Demografía.,P_65A69,P_65A69,Personas de 65 a 69 años de edad.,False,"{'is_category': 'false', 'min': 0, 'max': 999999999}"
Personas. Demografía.,P_65A69_F,P_65A69_F,Mujeres de 65 a 69 años de edad.,False,"{'is_category': 'false', 'min': 0, 'max': 999999999}"
Personas. Demografía.,P_65A69_M,P_65A69_M,Hombres de 65 a 69 años de edad.,False,"{'is_category': 'false', 'min': 0, 'max': 999999999}"
Personas. Demografía.,P_70A74,P_70A74,Personas de 70 a 74 años de edad.,False,"{'is_category': 'false', 'min': 0, 'max': 999999999}"
Personas. Demografía.,P_70A74_F,P_70A74_F,Mujeres de 70 a 74 años de edad.,False,"{'is_category': 'false', 'min': 0, 'max': 999999999}"
Personas. Demografía.,P_70A74_M,P_70A74_M,Hombres de 70 a 74 años de edad.,False,"{'is_category': 'false', 'min': 0, 'max': 999999999}"
Personas. Demografía.,P_75A79,P_75A79,Personas de 75 a 79 años de edad.,False,"{'is_category': 'false', 'min': 0, 'max': 999999999}"
Personas. Demografía.,P_75A79_F,P_75A79_F,Mujeres de 75 a 79 años de edad.,False,"{'is_category': 'false', 'min': 0, 'max': 999999999}"
Personas. Demografía.,P_75A79_M,P_75A79_M,Hombres de 75 a 79 años de edad.,False,"{'is_category': 'false', 'min': 0, 'max': 999999999}"
Personas. Demografía.,P_80A84,P_80A84,Personas de 80 a 84 años de edad.,False,"{'is_category': 'false', 'min': 0, 'max': 999999999}"
Personas. Demografía.,P_80A84_F,P_80A84_F,Mujeres de 80 a 84 años de edad.,False,"{'is_category': 'false', 'min': 0, 'max': 999999999}"
Personas. Demografía.,P_80A84_M,P_80A84_M,Hombres de 80 a 84 años de edad.,False,"{'is_category': 'false', 'min': 0, 'max': 999999999}"
Personas. Demografía.,P_85YMAS,P_85YMAS,Personas de 85 a 130 años de edad.,False,"{'is_category': 'false', 'min': 0, 'max': 999999999}"
Personas. Demografía.,P_85YMAS_F,P_85YMAS_F,Mujeres de 85 a 130 años de edad.,False,"{'is_category': 'false', 'min': 0, 'max': 999999999}"
Personas. Demografía.,P_85YMAS_M,P_85YMAS_M,Hombres de 85 a 130 años de edad.,False,"{'is_category': 'false', 'min': 0, 'max': 999999999}"
Personas. Demografía.,PROM_HNV,PROM_HNV,"Resultado de dividir el total de hijas e hijos nacidos vivos de las mujeres de 12 a 130 años de edad, entre el total de mujeres del mismo grupo de edad.",False,"{'is_category': 'false', 'min': 0, 'max': 999999999}"
Personas. Demografía.,PNACENT,PNACENT,Personas nacidas en la misma entidad federativa.,False,"{'is_category': 'false', 'min': 0, 'max': 999999999}"
Personas. Demografía.,PNACENT_F,PNACENT_F,Mujeres nacidas en la misma entidad federativa.,False,"{'is_category': 'false', 'min': 0, 'max': 999999999}"
Personas. Demografía.,PNACENT_M,PNACENT_M,Hombres nacidos en la misma entidad federativa.,False,"{'is_category': 'false', 'min': 0, 'max': 999999999}"
Personas. Demografía.,PNACOE,PNACOE,Personas nacidas en otra entidad federativa.,False,"{'is_category': 'false', 'min': 0, 'max': 999999999}"
Personas. Demografía.,PNACOE_F,PNACOE_F,Mujeres nacidas en otra entidad federativa.,False,"{'is_category': 'false', 'min': 0, 'max': 999999999}"
Personas. Demografía.,PNACOE_M,PNACOE_M,Hombres nacidos en otra entidad federativa.,False,"{'is_category': 'false', 'min': 0, 'max': 999999999}"
Personas. Demografía.,PRES2015,PRES2015,Personas de 5 a 130 años de edad que entre 2015 y 2020 residían en la misma entidad federativa.,False,"{'is_category': 'false', 'min': 0, 'max': 999999999}"
Personas. Demografía.,PRES2015_F,PRES2015_F,Mujeres de 5 a 130 años de edad que entre 2015 y 2020 residían en la misma entidad federativa.,False,"{'is_category': 'false', 'min': 0, 'max': 999999999}"
Personas. Demografía.,PRES2015_M,PRES2015_M,Hombres de 5 a 130 años de edad que entre 2015 y 2020 residían en la misma entidad federativa.,False,"{'is_category': 'false', 'min': 0, 'max': 999999999}"
Personas. Demografía.,PRESOE15,PRESOE15,Personas de 5 a 130 años de edad que en el 2015 residían en otra entidad federativa.,False,"{'is_category': 'false', 'min': 0, 'max': 999999999}"
Personas. Demografía.,PRESOE15_F,PRESOE15_F,Mujeres de 5 a 130 años de edad que en 2015 residían en otra entidad federativa.,False,"{'is_category': 'false', 'min': 0, 'max': 999999999}"
Personas. Demografía.,PRESOE15_M,PRESOE15_M,Hombres de 5 a 130 años de edad que en 2015 residían en otra entidad federativa.,False,"{'is_category': 'false', 'min': 0, 'max': 999999999}"
Personas. Etnografía,P3YM_HLI,P3YM_HLI,Personas de 3 a 130 años de edad que hablan alguna lengua indígena.,False,"{'is_category': 'false', 'min': 0, 'max': 999999999}"
Personas. Etnografía,P3YM_HLI_F,P3YM_HLI_F,Mujeres de 3 a 130 años de edad que hablan alguna lengua indígena.,False,"{'is_category': 'false', 'min': 0, 'max': 999999999}"
Personas. Etnografía,P3YM_HLI_M,P3YM_HLI_M,Hombres de 3 a 130 años de edad que hablan alguna lengua indígena.,False,"{'is_category': 'false', 'min': 0, 'max': 999999999}"
Personas. Etnografía,P3HLINHE,P3HLINHE,Personas de 3 a 130 años de edad que hablan alguna lengua indígena y además no hablan español.,False,"{'is_category': 'false', 'min': 0, 'max': 999999999}"
Personas. Etnografía,P3HLINHE_F,P3HLINHE_F,Mujeres de 3 a 130 años de edad que hablan alguna lengua indígena y además no hablan español.,False,"{'is_category': 'false', 'min': 0, 'max': 999999999}"
Personas. Etnografía,P3HLINHE_M,P3HLINHE_M,Hombres de 3 a 130 años de edad que hablan alguna lengua indígena y además no hablan español.,False,"{'is_category': 'false', 'min': 0, 'max': 999999999}"
Personas. Etnografía,P3HLI_HE,P3HLI_HE,Personas de 3 a 130 años de edad que hablan alguna lengua indígena y además hablan español.,False,"{'is_category': 'false', 'min': 0, 'max': 999999999}"
Personas. Etnografía,P3HLI_HE_F,P3HLI_HE_F,Mujeres de 3 a 130 años de edad que hablan alguna lengua indígena y además hablan español.,False,"{'is_category': 'false', 'min': 0, 'max': 999999999}"
Personas. Etnografía,P3HLI_HE_M,P3HLI_HE_M,Hombres de 3 a 130 años de edad que hablan alguna lengua indígena y además hablan español.,False,"{'is_category': 'false', 'min': 0, 'max': 999999999}"
Personas. Etnografía,P5_HLI,P5_HLI,Personas de 5 a 130 años de edad que hablan alguna lengua indígena.,False,"{'is_category': 'false', 'min': 0, 'max': 999999999}"
Personas. Etnografía,P5_HLI_NHE,P5_HLI_NHE,Personas de 5 a 130 años de edad que hablan alguna lengua indígena y además no hablan español.,False,"{'is_category': 'false', 'min': 0, 'max': 999999999}"
Personas. Etnografía,P5_HLI_HE,P5_HLI_HE,Personas de 5 a 130 años de edad que hablan alguna lengua indígena y además hablan español.,False,"{'is_category': 'false', 'min': 0, 'max': 999999999}"
Personas. Etnografía,PHOG_IND,PHOG_IND,"Total de personas que forman hogares censales donde la persona de referencia del hogar o su cónyuge o alguno de los ascendientes de estos, declararon hablar lengua indígena.",False,"{'is_category': 'false', 'min': 0, 'max': 999999999}"
Personas. Etnografía,POB_AFRO,POB_AFRO,Personas que se consideran afromexicanos o afrodescendientes.,False,"{'is_category': 'false', 'min': 0, 'max': 999999999}"
Personas. Etnografía,POB_AFRO_F,POB_AFRO_F,Mujeres que se consideran afromexicanas o afrodescendientes.,False,"{'is_category': 'false', 'min': 0, 'max': 999999999}"
Personas. Etnografía,POB_AFRO_M,POB_AFRO_M,Hombres que se consideran afromexicanos o afrodescendientes.,False,"{'is_category': 'false', 'min': 0, 'max': 999999999}"
Personas. Discapacidades.,PCON_DISC,PCON_DISC,"Personas que realizan con mucha dificultad o no pueden hacer al menos una de las siguientes actividades: ver, aun usando lentes; oír, aun usando aparato auditivo; caminar, subir o bajar; recordar o concentrarse; bañarse, vestirse o comer; hablar o comunicarse.",False,"{'is_category': 'false', 'min': 0, 'max': 999999999}"
Personas. Discapacidades.,PCDISC_MOT,PCDISC_MOT,"Personas que tiene mucha dificultad o no pueden caminar, subir o bajar.",False,"{'is_category': 'false', 'min': 0, 'max': 999999999}"
Personas. Discapacidades.,PCDISC_VIS,PCDISC_VIS,"Personas que tienen mucha dificultad o no pueden ver, aun cuando usen lentes.",False,"{'is_category': 'false', 'min': 0, 'max': 999999999}"
Personas. Discapacidades.,PCDISC_LENG,PCDISC_LENG,Personas que tienen mucha dificultad o no pueden hablar o comunicarse.,False,"{'is_category': 'false', 'min': 0, 'max': 999999999}"
Personas. Discapacidades.,PCDISC_AUD,PCDISC_AUD,"Personas que tienen mucha dificultad o no pueden oír, aun usando aparato auditivo.",False,"{'is_category': 'false', 'min': 0, 'max': 999999999}"
Personas. Discapacidades.,PCDISC_MOT2,PCDISC_MOT2,"Personas que tienen mucha dificultad o no pueden bañarse, vestirse o comer.",False,"{'is_category': 'false', 'min': 0, 'max': 999999999}"
Personas. Discapacidades.,PCDISC_MEN,PCDISC_MEN,Personas que tienen mucha dificultad o no pueden recordar o concentrarse.,False,"{'is_category': 'false', 'min': 0, 'max': 999999999}"
Personas. Discapacidades.,PCON_LIMI,PCON_LIMI,"Personas que realizan con poca dificultad al menos una de las siguientes actividades: ver, aun usando lentes; oír, aun usando aparato auditivo; caminar, subir o bajar; recordar o concentrarse; bañarse, vestirse o comer; hablar o comunicarse.",False,"{'is_category': 'false', 'min': 0, 'max': 999999999}"
Personas. Discapacidades.,PCLIM_CSB,PCLIM_CSB,"Personas que tienen poca dificultad para caminar, subir o bajar.",False,"{'is_category': 'false', 'min': 0, 'max': 999999999}"
Personas. Discapacidades.,PCLIM_VIS,PCLIM_VIS,"Personas que tienen poca dificultad para ver, aun usando lentes.",False,"{'is_category': 'false', 'min': 0, 'max': 999999999}"
Personas. Discapacidades.,PCLIM_HACO,PCLIM_HACO,Personas que tienen poca dificultad para hablar o comunicarse.,False,"{'is_category': 'false', 'min': 0, 'max': 999999999}"
Personas. Discapacidades.,PCLIM_OAUD,PCLIM_OAUD,"Personas que tienen poca dificultad para oír, aun usando aparato auditivo.",False,"{'is_category': 'false', 'min': 0, 'max': 999999999}"
Personas. Discapacidades.,PCLIM_MOT2,PCLIM_MOT2,"Personas que tienen poca dificultad para bañarse, vestirse o comer.",False,"{'is_category': 'false', 'min': 0, 'max': 999999999}"
Personas. Discapacidades.,PCLIM_RE_CO,PCLIM_RE_CO,Personas que tienen poca dificultad para recordar o concentrarse.,False,"{'is_category': 'false', 'min': 0, 'max': 999999999}"
Personas. Discapacidades.,PCLIM_PMEN,PCLIM_PMEN,"Personas con algún problema o condición mental, como las relacionadas con el trastorno de la conciencia, retraso mental y las alteraciones de la conducta del individuo con otras personas en su entorno social. Incluye a la población que declaró realizar actividades cotidianas con mucha dificultad o no poder hacerlas o las hace con poca dificultad.",False,"{'is_category': 'false', 'min': 0, 'max': 999999999}"
Personas. Discapacidades.,PSIND_LIM,PSIND_LIM,"Personas que no tienen dificultad para realizar alguna actividad cotidiana como: ver, aun usando lentes; oír aun usando aparato auditivo; caminar, subir o bajar; recordar o concentrarse; bañarse, vestirse o comer; hablar o comunicarse, ni tampoco tiene algún problema o condición mental.",False,"{'is_category': 'false', 'min': 0, 'max': 999999999}"
Personas. Escolaridad.,P3A5_NOA,P3A5_NOA,Personas de 3 a 5 años de edad que no van a la escuela.,False,"{'is_category': 'false', 'min': 0, 'max': 999999999}"
Personas. Escolaridad.,P3A5_NOA_F,P3A5_NOA_F,Mujeres de 3 a 5 años de edad que no van a la escuela.,False,"{'is_category': 'false', 'min': 0, 'max': 999999999}"
Personas. Escolaridad.,P3A5_NOA_M,P3A5_NOA_M,Hombres de 3 a 5 años de edad que no van a la escuela.,False,"{'is_category': 'false', 'min': 0, 'max': 999999999}"
Personas. Escolaridad.,P6A11_NOA,P6A11_NOA,Personas de 6 a 11 años de edad que no van a la escuela.,False,"{'is_category': 'false', 'min': 0, 'max': 999999999}"
Personas. Escolaridad.,P6A11_NOAF,P6A11_NOAF,Mujeres de 6 a 11 años de edad que no van a la escuela.,False,"{'is_category': 'false', 'min': 0, 'max': 999999999}"
Personas. Escolaridad.,P6A11_NOAM,P6A11_NOAM,Hombres de 6 a 11 años de edad que no van a la escuela.,False,"{'is_category': 'false', 'min': 0, 'max': 999999999}"
Personas. Escolaridad.,P12A14NOA,P12A14NOA,Personas de 12 a 14 años de edad que no van a la escuela.,False,"{'is_category': 'false', 'min': 0, 'max': 999999999}"
Personas. Escolaridad.,P12A14NOAF,P12A14NOAF,Mujeres de 12 a 14 años de edad que no van a la escuela.,False,"{'is_category': 'false', 'min': 0, 'max': 999999999}"
Personas. Escolaridad.,P12A14NOAM,P12A14NOAM,Hombres de 12 a 14 años de edad que no van a la escuela.,False,"{'is_category': 'false', 'min': 0, 'max': 999999999}"
Personas. Escolaridad.,P15A17A,P15A17A,Personas de 15 a 17 años de edad que van a la escuela.,False,"{'is_category': 'false', 'min': 0, 'max': 999999999}"
Personas. Escolaridad.,P15A17A_F,P15A17A_F,Mujeres de 15 a 17 años de edad que van a la escuela.,False,"{'is_category': 'false', 'min': 0, 'max': 999999999}"
Personas. Escolaridad.,P15A17A_M,P15A17A_M,Hombres de 15 a 17 años de edad que van a la escuela.,False,"{'is_category': 'false', 'min': 0, 'max': 999999999}"
Personas. Escolaridad.,P18A24A,P18A24A,Personas de 18 a 24 años de edad que van a la escuela.,False,"{'is_category': 'false', 'min': 0, 'max': 999999999}"
Personas. Escolaridad.,P18A24A_F,P18A24A_F,Mujeres de 18 a 24 años de edad que van a la escuela.,False,"{'is_category': 'false', 'min': 0, 'max': 999999999}"
Personas. Escolaridad.,P18A24A_M,P18A24A_M,Hombres de 18 a 24 años de edad que van a la escuela.,False,"{'is_category': 'false', 'min': 0, 'max': 999999999}"
Personas. Escolaridad.,P8A14AN,P8A14AN,Personas de 8 a 14 años de edad que no saben leer y escribir un recado.,False,"{'is_category': 'false', 'min': 0, 'max': 999999999}"
Personas. Escolaridad.,P8A14AN_F,P8A14AN_F,Mujeres de 8 a 14 años de edad que no saben leer y escribir un recado.,False,"{'is_category': 'false', 'min': 0, 'max': 999999999}"
Personas. Escolaridad.,P8A14AN_M,P8A14AN_M,Hombres de 8 a 14 años de edad que no saben leer y escribir un recado.,False,"{'is_category': 'false', 'min': 0, 'max': 999999999}"
Personas. Escolaridad.,P15YM_AN,P15YM_AN,Personas de 15 a 130 años de edad que no saben leer y escribir un recado.,False,"{'is_category': 'false', 'min': 0, 'max': 999999999}"
Personas. Escolaridad.,P15YM_AN_F,P15YM_AN_F,Mujeres de 15 a 130 años de edad que no saben leer y escribir un recado.,False,"{'is_category': 'false', 'min': 0, 'max': 999999999}"
Personas. Escolaridad.,P15YM_AN_M,P15YM_AN_M,Hombres de 15 a 130 años de edad que no saben leer y escribir un recado.,False,"{'is_category': 'false', 'min': 0, 'max': 999999999}"
Personas. Escolaridad.,P15YM_SE,P15YM_SE,Personas de 15 a 130 años de edad que no aprobaron ningún grado escolar o que sólo tienen nivel preescolar.,False,"{'is_category': 'false', 'min': 0, 'max': 999999999}"
Personas. Escolaridad.,P15YM_SE_F,P15YM_SE_F,Mujeres de 15 a 130 años de edad que no aprobaron ningún grado escolar o que sólo tienen nivel preescolar.,False,"{'is_category': 'false', 'min': 0, 'max': 999999999}"
Personas. Escolaridad.,P15YM_SE_M,P15YM_SE_M,Hombres de 15 a 130 años de edad que no aprobaron ningún grado escolar o que sólo tienen nivel preescolar.,False,"{'is_category': 'false', 'min': 0, 'max': 999999999}"
Personas. Escolaridad.,P15PRI_IN,P15PRI_IN,Personas de 15 a 130 años de edad que tienen como máxima escolaridad hasta el quinto grado aprobado en primaria.,False,"{'is_category': 'false', 'min': 0, 'max': 999999999}"
Personas. Escolaridad.,P15PRI_INF,P15PRI_INF,Mujeres de 15 a 130 años de edad que tienen como máxima escolaridad hasta el quinto grado aprobado en primaria.,False,"{'is_category': 'false', 'min': 0, 'max': 999999999}"
Personas. Escolaridad.,P15PRI_INM,P15PRI_INM,Hombres de 15 a 130 años de edad que tienen como máxima escolaridad hasta el quinto grado aprobado en primaria.,False,"{'is_category': 'false', 'min': 0, 'max': 999999999}"
Personas. Escolaridad.,P15PRI_CO,P15PRI_CO,Personas de 15 a 130 años de edad que tienen como máxima escolaridad 6 grados aprobados en primaria.,False,"{'is_category': 'false', 'min': 0, 'max': 999999999}"
Personas. Escolaridad.,P15PRI_COF,P15PRI_COF,Mujeres de 15 a 130 años de edad que tienen como máxima escolaridad 6 grados aprobados en primaria.,False,"{'is_category': 'false', 'min': 0, 'max': 999999999}"
Personas. Escolaridad.,P15PRI_COM,P15PRI_COM,Hombres de 15 a 130 años de edad que tienen como máxima escolaridad 6 grados aprobados en primaria.,False,"{'is_category': 'false', 'min': 0, 'max': 999999999}"
Personas. Escolaridad.,P15SEC_IN,P15SEC_IN,Personas de 15 a 130 años de edad que tienen como máxima escolaridad hasta segundo grado aprobado de secundaria.,False,"{'is_category': 'false', 'min': 0, 'max': 999999999}"
Personas. Escolaridad.,P15SEC_INF,P15SEC_INF,Mujeres de 15 a 130 años de edad que tienen como máxima escolaridad hasta segundo grado aprobado de secundaria.,False,"{'is_category': 'false', 'min': 0, 'max': 999999999}"
Personas. Escolaridad.,P15SEC_INM,P15SEC_INM,Hombres de 15 a 130 años de edad que tienen como máxima escolaridad hasta segundo grado aprobado de secundaria.,False,"{'is_category': 'false', 'min': 0, 'max': 999999999}"
Personas. Escolaridad.,P15SEC_CO,P15SEC_CO,Personas de 15 a 130 años de edad que tienen como máxima escolaridad 3 grados aprobados en secundaria.,False,"{'is_category': 'false', 'min': 0, 'max': 999999999}"
Personas. Escolaridad.,P15SEC_COF,P15SEC_COF,Mujeres de 15 a 130 años de edad que tienen como máxima escolaridad 3 grados aprobados en secundaria.,False,"{'is_category': 'false', 'min': 0, 'max': 999999999}"
Personas. Escolaridad.,P15SEC_COM,P15SEC_COM,Hombres de 15 a 130 años de edad que tienen como máxima escolaridad 3 grados aprobados en secundaria.,False,"{'is_category': 'false', 'min': 0, 'max': 999999999}"
Personas. Escolaridad.,P18YM_PB,P18YM_PB,Personas de 18 a 130 años de edad que tienen como máxima escolaridad algún grado aprobado,False,"{'is_category': 'false', 'min': 0, 'max': 999999999}"
Personas. Escolaridad.,P18YM_PB_F,P18YM_PB_F,Mujeres de 18 a 130 años de edad que tienen como máxima escolaridad algún grado aprobado,False,"{'is_category': 'false', 'min': 0, 'max': 999999999}"
Personas. Escolaridad.,P18YM_PB_M,P18YM_PB_M,Hombres de 18 a 130 años de edad que tienen como máxima escolaridad algún grado aprobado,False,"{'is_category': 'false', 'min': 0, 'max': 999999999}"
Personas. Escolaridad.,GRAPROES,GRAPROES,Resultado de dividir el monto de grados escolares aprobados por las personas de 15 a 130 años de edad entre las personas del mismo grupo de edad.,False,"{'is_category': 'false', 'min': 0, 'max': 999999999}"
Personas. Escolaridad.,GRAPROES_F,GRAPROES_F,Resultado de dividir el monto de grados escolares aprobados por las mujeres de 15 a 130 años de edad entre las mujeres del mismo grupo de edad,False,"{'is_category': 'false', 'min': 0, 'max': 999999999}"
Personas. Escolaridad.,GRAPROES_M,GRAPROES_M,Resultado de dividir el monto de grados escolares aprobados por los hombres de 15 a 130 años de edad entre los hombres del mismo grupo de edad.,False,"{'is_category': 'false', 'min': 0, 'max': 999999999}"
Personas. Laboral,PEA,PEA,"Personas de 12 a 130 años de edad que trabajaron, tenían trabajo pero no trabajaron o buscaron trabajo en la semana de referencia.",False,"{'is_category': 'false', 'min': 0, 'max': 999999999}"
Personas. Laboral,PEA_F,PEA_F,"Mujeres de 12 a 130 años de edad que trabajaron, tenían trabajo pero no trabajaron o buscaron trabajo en la semana de referencia.",False,"{'is_category': 'false', 'min': 0, 'max': 999999999}"
Personas. Laboral,PEA_M,PEA_M,"Hombres de 12 a 130 años de edad que trabajaron, tenían trabajo pero no trabajaron o buscaron trabajo en la semana de referencia.",False,"{'is_category': 'false', 'min': 0, 'max': 999999999}"
Personas. Laboral,PE_INAC,PE_INAC,Personas de 12 a 130 años de edad pensionadas o jubiladas; estudiantes; dedicadas a los quehaceres del hogar; están incapacitadas permanentemente para trabajar; o no trabajan.,False,"{'is_category': 'false', 'min': 0, 'max': 999999999}"
Personas. Laboral,PE_INAC_F,PE_INAC_F,Mujeres de 12 a 130 años de edad pensionadas o jubiladas; estudiantes; dedicadas a los quehaceres del hogar; están incapacitadas permanentemente para trabajar; o no trabajan.,False,"{'is_category': 'false', 'min': 0, 'max': 999999999}"
Personas. Laboral,PE_INAC_M,PE_INAC_M,Hombres de 12 a 130 años de edad pensionados o jubilados; estudiantes; dedicados a los quehaceres del hogar; están incapacitados permanentemente para trabajar; o no trabajan.,False,"{'is_category': 'false', 'min': 0, 'max': 999999999}"
Personas. Laboral,POCUPADA,POCUPADA,"Personas de 12 a 130 años de edad que trabajaron o que no trabajaron, pero sí tenían trabajo en la semana de referencia.",False,"{'is_category': 'false', 'min': 0, 'max': 999999999}"
Personas. Laboral,POCUPADA_F,POCUPADA_F,"Mujeres de 12 a 130 años de edad que trabajaron o que no trabajaron, pero sí tenían trabajo en la semana de referencia.",False,"{'is_category': 'false', 'min': 0, 'max': 999999999}"
Personas. Laboral,POCUPADA_M,POCUPADA_M,"Hombres de 12 a 130 años de edad que trabajaron o que no trabajaron, pero sí tenían trabajo en la semana de referencia.",False,"{'is_category': 'false', 'min': 0, 'max': 999999999}"
Personas. Laboral,PDESOCUP,PDESOCUP,"Personas de 12 a 130 años de edad que no tenían trabajo, pero buscaron trabajo en la semana de referencia.",False,"{'is_category': 'false', 'min': 0, 'max': 999999999}"
Personas. Laboral,PDESOCUP_F,PDESOCUP_F,"Mujeres de 12 a 130 años de edad que no tenían trabajo, pero buscaron trabajo en la semana de referencia.",False,"{'is_category': 'false', 'min': 0, 'max': 999999999}"
Personas. Seguridad Social,PDESOCUP_M,PDESOCUP_M,"Hombres de 12 a 130 años de edad que no tenían trabajo, pero buscaron trabajo en la semana de referencia.",False,"{'is_category': 'false', 'min': 0, 'max': 999999999}"
Personas. Seguridad Social,PSINDER,PSINDER,Total de personas que no están afiliadas a servicios médicos en ninguna institución pública o privada,False,"{'is_category': 'false', 'min': 0, 'max': 999999999}"
Personas. Seguridad Social,PDER_SS,PDER_SS,"Total de personas que están afiliadas a servicios médicos en alguna institución de salud pública o privada como: el Instituto Mexicano del Seguro Social (IMSS), el Instituto de Seguridad y Servicios Sociales de los Trabajadores del Estado (ISSSTE e ISSSTE estatal), Petróleos Mexicanos (PEMEX), la Secretaría de la Defensa Nacional (SEDENA), la Secretaría de Marina Armada de México (SEMAR), el Instituto de Salud para el Bienestar (INSABI) o en otra.",False,"{'is_category': 'false', 'min': 0, 'max': 999999999}"
Personas. Seguridad Social,PDER_IMSS,PDER_IMSS,Total de personas que están afiliadas a servicios médicos en el Instituto Mexicano del Seguro Social (IMSS).,False,"{'is_category': 'false', 'min': 0, 'max': 999999999}"
Personas. Seguridad Social,PDER_ISTE,PDER_ISTE,Total de personas que están afiliadas a servicios médicos en el Instituto de Seguridad y Servicios Sociales de los Trabajadores del Estado.,False,"{'is_category': 'false', 'min': 0, 'max': 999999999}"
Personas. Seguridad Social,PDER_ISTEE,PDER_ISTEE,"Total de personas que están afiliadas a servicios médicos en los institutos de seguridad social de los estados (ISSSTE, ISSSEMyM, ISSSTEZAC, ISSSPEA o ISSSTESON).",False,"{'is_category': 'false', 'min': 0, 'max': 999999999}"
Personas. Seguridad Social,PAFIL_PDOM,PAFIL_PDOM,"Total de personas que están afiliadas a servicios médicos en Petróleos Mexicanos (PEMEX), la Secretaría de la Defensa Nacional (SEDENA) o la Secretaría de Marina Armada de México (SEMAR).",False,"{'is_category': 'false', 'min': 0, 'max': 999999999}"
Personas. Seguridad Social,PDER_SEGP,PDER_SEGP,"Total de personas que están afiliadas a servicios médicos en la Secretaría de Salud, mediante en el Instituto de Salud para el Bienestar.",False,"{'is_category': 'false', 'min': 0, 'max': 999999999}"
Personas. Seguridad Social,PDER_IMSSB,PDER_IMSSB,Total de personas que están afiliadas a servicios médicos en el Instituto Mexicano del Seguro Social (IMSS) BIENESTAR,False,"{'is_category': 'false', 'min': 0, 'max': 999999999}"
Personas. Seguridad Social,PAFIL_IPRIV,PAFIL_IPRIV,Total de personas que están afiliadas a servicios médicos en instituciones de salud privadas.,False,"{'is_category': 'false', 'min': 0, 'max': 999999999}"
Personas. Seguridad Social,PAFIL_OTRAI,PAFIL_OTRAI,Total de personas que están afiliadas a servicios médicos en cualquier otra institución de salud pública o privada. ,False,"{'is_category': 'false', 'min': 0, 'max': 999999999}"
Personas. Edo civil,P12YM_SOLT,P12YM_SOLT,Personas de 12 a 130 años de edad solteras.,False,"{'is_category': 'false', 'min': 0, 'max': 999999999}"
Personas. Edo civil,P12YM_CASA,P12YM_CASA,Personas de 12 a 130 años de edad casadas sólo por el civil; casadas sólo religiosamente o; casadas por el civil y religiosamente o en unión libre.,False,"{'is_category': 'false', 'min': 0, 'max': 999999999}"
Personas. Edo civil,P12YM_SEPA,P12YM_SEPA,"Personas de 12 a 130 años de edad que están separadas, divorciadas o viudas.",False,"{'is_category': 'false', 'min': 0, 'max': 999999999}"
Personas. Religion.,PCATOLICA,PCATOLICA,Personas que tienen como creencia o preferencia espiritual la religión católica,False,"{'is_category': 'false', 'min': 0, 'max': 999999999}"
Personas. Religion.,PRO_CRIEVA,PRO_CRIEVA,"Incluye a las denominaciones religiosas del grupo protestante/cristiano evangélico: protestante, pentecostal, iglesia del Dios vivo, columna y apoyo de la verdad, la luz del mundo, cristiana, evangélica, iglesia de Jesucristo de los santos de los últimos días (mormón) entre otras.",False,"{'is_category': 'false', 'min': 0, 'max': 999999999}"
Personas. Religion.,POTRAS_REL,POTRAS_REL,Personas con otras creencias o preferencias espirituales diferentes a las anteriores.,False,"{'is_category': 'false', 'min': 0, 'max': 999999999}"
Personas. Religion.,PSIN_RELIG,PSIN_RELIG,Personas que declararon no tener religión o no estar adscritas en alguna.,False,"{'is_category': 'false', 'min': 0, 'max': 999999999}"
Viviendas. Ocupación,TOTHOG,TOTHOG,Hogares en viviendas particulares habitadas. Se considera un hogar en cada vivienda particular. Incluye casa única en el terreno; casa que comparte terreno con otra(s); casa dúplex; departamento en edificio; vivienda en vecindad o cuartería; vivienda en cuarto de azotea de un edificio; local no construido para habitación; vivienda móvil; refugio y no especificado de vivienda particular.,False,"{'is_category': 'false', 'min': 0, 'max': 999999999}"
Viviendas. Ocupación,HOGJEF_F,HOGJEF_F,Hogares en viviendas particulares habitadas donde la persona de referencia es mujer. Se considera un hogar en cada vivienda particular. Incluye casa única en el terreno; casa que comparte terreno con otra(s); casa dúplex; departamento en edificio; vivienda en vecindad o cuartería; vivienda en cuarto de azotea; local no construido para habitación; vivienda móvil; refugio y no especificado de vivienda particular.,False,"{'is_category': 'false', 'min': 0, 'max': 999999999}"
Viviendas. Ocupación,HOGJEF_M,HOGJEF_M,Hogares en viviendas particulares habitadas donde la persona de referencia es hombre. Se considera un hogar en cada vivienda particular. Incluye casa única en el terreno; casa que comparte terreno con otra(s); casa dúplex; departamento en edificio; vivienda en vecindad o cuartería; vivienda en cuarto de azotea; local no construido para habitación; vivienda móvil; refugio y no especificado de vivienda particular.,False,"{'is_category': 'false', 'min': 0, 'max': 999999999}"
Viviendas. Ocupación,POBHOG,POBHOG,Personas en hogares censales. Se considera un hogar en cada vivienda particular. Incluye casa única en el terreno; casa que comparte terreno con otra(s); casa dúplex; departamento en edificio; vivienda en vecindad o cuartería; vivienda en cuarto de azotea; local no construido para habitación; vivienda móvil; refugio y no especificado de vivienda particular.,False,"{'is_category': 'false', 'min': 0, 'max': 999999999}"
Viviendas. Ocupación,PHOGJEF_F,PHOGJEF_F,Personas en hogares censales donde la persona de referencia es mujer. Se considera un hogar en cada vivienda particular. Incluye casa única en el terreno; casa que comparte terreno con otra(s); casa dúplex; departamento en edificio; vivienda en vecindad o cuartería; vivienda en cuarto de azotea; local no construido para habitación; vivienda móvil; refugio y no especificado de vivienda particular.,False,"{'is_category': 'false', 'min': 0, 'max': 999999999}"
Viviendas. Ocupación,PHOGJEF_M,PHOGJEF_M,Personas en hogares censales donde la persona de referencia es hombre. Se considera un hogar en cada vivienda particular. Incluye casa única en el terreno; casa que comparte terreno con otra(s); casa dúplex; departamento en edificio; vivienda en vecindad o cuartería; vivienda en cuarto de azotea; local no construido para habitación; vivienda móvil; refugio y no especificado de vivienda particular.,False,"{'is_category': 'false', 'min': 0, 'max': 999999999}"
Viviendas. Ocupación,VIVTOT,VIVTOT,"Viviendas particulares habitadas, deshabitadas, de uso temporal y colectivas. Incluye a las viviendas sin información de ocupantes.",False,"{'is_category': 'false', 'min': 0, 'max': 999999999}"
Viviendas. Ocupación,TVIVHAB,TVIVHAB,Viviendas particulares y colectivas habitadas. Incluye a las viviendas sin información de ocupantes ,False,"{'is_category': 'false', 'min': 0, 'max': 999999999}"
Viviendas. Ocupación,TVIVPAR,TVIVPAR,"Viviendas particulares habitadas, deshabitadas y de uso temporal. Excluye a las viviendas sin información de ocupantes.",False,"{'is_category': 'false', 'min': 0, 'max': 999999999}"
Viviendas. Ocupación,VIVPAR_HAB,VIVPAR_HAB,"Viviendas particulares habitadas de cualquier clase: casa única en el terreno; casa que comparte terreno con otra(s); casa dúplex; departamento en edificio; vivienda en vecindad o cuartería; vivienda en cuarto de azotea de un edificio; local no construido para habitación, vivienda móvil; refugio y no especificado de vivienda particular. Excluye a las viviendas particulares sin información de ocupantes.",False,"{'is_category': 'false', 'min': 0, 'max': 999999999}"
Viviendas. Ocupación,VIVPARH_CV,VIVPARH_CV,"Viviendas particulares habitadas a las que se les captan sus características, incluye casa única en el terreno; casa que comparte terreno con otra(s); casa dúplex; departamento en edificio; vivienda en vecindad o cuartería; vivienda en cuarto de azotea de un edificio y no especificado de vivienda particular. Incluye a las viviendas particulares sin información de ocupantes.",False,"{'is_category': 'false', 'min': 0, 'max': 999999999}"
Viviendas. Ocupación,TVIVPARHAB,TVIVPARHAB,"Viviendas particulares habitadas de cualquier clase: casa única en el terreno; casa que comparte terreno con otra(s); casa dúplex; departamento en edificio; vivienda en vecindad o cuartería; vivienda en cuarto de azotea de un edificio; local no construido para habitación, vivienda móvil; refugio y no especificado de vivienda particular. Incluye a las viviendas particulares sin información de ocupantes. ",False,"{'is_category': 'false', 'min': 0, 'max': 999999999}"
Viviendas. Ocupación,VIVPAR_DES,VIVPAR_DES,Viviendas particulares deshabitadas.,False,"{'is_category': 'false', 'min': 0, 'max': 999999999}"
Viviendas. Ocupación,VIVPAR_UT,VIVPAR_UT,Viviendas particulares de uso temporal.,False,"{'is_category': 'false', 'min': 0, 'max': 999999999}"
Viviendas. Ocupación,OCUPVIVPAR,OCUPVIVPAR,"Personas que residen en viviendas particulares habitadas de cualquier clase: casa única en el terreno; casa que comparte terreno con otra(s); casa dúplex; departamento en edificio; vivienda en vecindad o cuartería; vivienda en cuarto de azotea de un edificio; local no construido para habitación, vivienda móvil; refugio y no especificado de vivienda particular. Incluye una estimación de personas en viviendas particulares sin información de ocupantes y menores omitidos.",False,"{'is_category': 'false', 'min': 0, 'max': 999999999}"
Viviendas. Ocupación,PROM_OCUP,PROM_OCUP,"Resultado de dividir el número de personas que residen en viviendas particulares habitadas, entre el número de esas viviendas.",False,"{'is_category': 'false', 'min': 0, 'max': 999999999}"
Viviendas. Infra y servicios,PRO_OCUP_C,PRO_OCUP_C,"Resultado de dividir el número de personas que residen en viviendas particulares habitadas entre el número de cuartos de esas viviendas. Comprende las viviendas particulares para las que se captaron las características de la vivienda, clasificadas como: casa única en el terreno; casa que comparte terreno con otra(s); casa dúplex; departamento en edificio; vivienda en vecindad o cuartería; vivienda en cuarto de azotea de un edificio y no especificado de vivienda particular. Incluye a las viviendas particulares sin información de ocupantes.",False,"{'is_category': 'false', 'min': 0, 'max': 999999999}"
Viviendas. Infra y servicios,VPH_PISODT,VPH_PISODT,"Viviendas particulares habitadas con piso de cemento o firme, madera, mosaico u otro material. Comprende las viviendas particulares para las que se captaron las características de la vivienda, clasificadas como: casa única en el terreno; casa que comparte terreno con otra(s); casa dúplex; departamento en edificio; vivienda en vecindad o cuartería; vivienda en cuarto de azotea de un edificio y no especificado de vivienda particular. Incluye a las viviendas particulares sin información de ocupantes.",False,"{'is_category': 'false', 'min': 0, 'max': 999999999}"
Viviendas. Infra y servicios,VPH_PISOTI,VPH_PISOTI,"Viviendas particulares habitadas con piso de tierra. Comprende las viviendas particulares para las que se captaron las características de la vivienda, clasificadas como: casa única en el terreno; casa que comparte terreno con otra(s); casa dúplex; departamento en edificio; vivienda en vecindad o cuartería; vivienda en cuarto de azotea de un edificio y no especificado de vivienda particular. Incluye a las viviendas particulares sin información de ocupantes.",False,"{'is_category': 'false', 'min': 0, 'max': 999999999}"
Viviendas. Infra y servicios,VPH_1DOR,VPH_1DOR,"Viviendas particulares habitadas con un dormitorio. Comprende las viviendas particulares para las que se captaron las características de la vivienda, clasificadas como: casa única en el terreno; casa que comparte terreno con otra(s); casa dúplex; departamento en edificio; vivienda en vecindad o cuartería; vivienda en cuarto de azotea de un edificio y no especificado de vivienda particular. Incluye a las viviendas particulares sin información de ocupantes.",False,"{'is_category': 'false', 'min': 0, 'max': 999999999}"
Viviendas. Infra y servicios,VPH_2YMASD,VPH_2YMASD,"Viviendas particulares habitadas que usan para dormir entre 2 y 25 cuartos. Comprende las viviendas particulares para las que se captaron las características de la vivienda, clasificadas como: casa única en el terreno; casa que comparte terreno con otra(s); casa dúplex; departamento en edificio; vivienda en vecindad o cuartería; vivienda en cuarto de azotea de un edificio y no especificado de vivienda particular. Incluye a las viviendas particulares sin información de ocupantes.",False,"{'is_category': 'false', 'min': 0, 'max': 999999999}"
Viviendas. Infra y servicios,VPH_1CUART,VPH_1CUART,"Viviendas particulares habitadas que tienen sólo un cuarto. Comprende las viviendas particulares para las que se captaron las características de la vivienda, clasificadas como: casa única en el terreno; casa que comparte terreno con otra(s); casa dúplex; departamento en edificio; vivienda en vecindad o cuartería; vivienda en cuarto de azotea de un edificio y no especificado de vivienda particular. Incluye a las viviendas particulares sin información de ocupantes.",False,"{'is_category': 'false', 'min': 0, 'max': 999999999}"
Viviendas. Infra y servicios,VPH_2CUART,VPH_2CUART,"Viviendas particulares habitadas que tienen dos cuartos. Comprende las viviendas particulares para las que se captaron las características de la vivienda, clasificadas como: casa única en el terreno; casa que comparte terreno con otra(s); casa dúplex; departamento en edificio; vivienda en vecindad o cuartería; vivienda en cuarto de azotea de un edificio y no especificado de vivienda particular. Incluye a las viviendas particulares sin información de ocupantes.",False,"{'is_category': 'false', 'min': 0, 'max': 999999999}"
Viviendas. Infra y servicios,VPH_3YMASC,VPH_3YMASC,"Viviendas particulares habitadas que tienen entre 3 y 25 cuartos. Comprende las viviendas particulares para las que se captaron las características de la vivienda, clasificadas como: casa única en el terreno; casa que comparte terreno con otra(s); casa dúplex; departamento en edificio; vivienda en vecindad o cuartería; vivienda en cuarto de azotea de un edificio y no especificado de vivienda particular. Incluye a las viviendas particulares sin información de ocupantes.",False,"{'is_category': 'false', 'min': 0, 'max': 999999999}"
Viviendas. Infra y servicios,VPH_C_ELEC,VPH_C_ELEC,"Viviendas particulares habitadas que tienen energía eléctrica. Comprende las viviendas particulares para las que se captaron las características de la vivienda, clasificadas como: casa única en el terreno; casa que comparte terreno con otra(s); casa dúplex; departamento en edificio; vivienda en vecindad o cuartería; vivienda en cuarto de azotea de un edificio y no especificado de vivienda particular. Incluye a las viviendas particulares sin información de ocupantes.",False,"{'is_category': 'false', 'min': 0, 'max': 999999999}"
Viviendas. Infra y servicios,VPH_S_ELEC,VPH_S_ELEC,"Viviendas particulares habitadas que no tienen energía eléctrica. Comprende las viviendas particulares para las que se captaron las características de la vivienda, clasificadas como: casa única en el terreno; casa que comparte terreno con otra(s); casa dúplex; departamento en edificio; vivienda en vecindad o cuartería; vivienda en cuarto de azotea de un edificio y no especificado de vivienda particular. Incluye a las viviendas particulares sin información de ocupantes.",False,"{'is_category': 'false', 'min': 0, 'max': 999999999}"
Viviendas. Infra y servicios,VPH_AGUADV,VPH_AGUADV,"Viviendas particulares habitadas que tienen disponibilidad de agua entubada dentro de la vivienda o sólo en el patio o terreno. Comprende las viviendas particulares para las que se captaron las características de la vivienda, clasificadas como: casa única en el terreno; casa que comparte terreno con otra(s); casa dúplex; departamento en edificio; vivienda en vecindad o cuartería; vivienda en cuarto de azotea de un edificio y no especificado de vivienda particular. Incluye a las viviendas particulares sin información de ocupantes.",False,"{'is_category': 'false', 'min': 0, 'max': 999999999}"
Viviendas. Infra y servicios,VPH_AEASP,VPH_AEASP,"Viviendas particulares habitadas que tienen agua entubada y se abastecen del servicio público de agua. Comprende las viviendas particulares para las que se captaron las características de la vivienda, clasificadas como: casa única en el terreno; casa que comparte terreno con otra(s); casa dúplex; departamento en edificio; vivienda en vecindad o cuartería; vivienda en cuarto de azotea de un edificio y no especificado de vivienda particular. Incluye a las viviendas particulares sin información de ocupantes.",False,"{'is_category': 'false', 'min': 0, 'max': 999999999}"
Viviendas. Infra y servicios,VPH_AGUAFV,VPH_AGUAFV,"Viviendas particulares habitadas que no tienen disponibilidad de agua entubada. Comprende las viviendas particulares para las que se captaron las características de la vivienda, clasificadas como: casa única en el terreno; casa que comparte terreno con otra(s); casa dúplex; departamento en edificio; vivienda en vecindad o cuartería; vivienda en cuarto de azotea de un edificio y no especificado de vivienda particular. Incluye a las viviendas particulares sin información de ocupantes.",False,"{'is_category': 'false', 'min': 0, 'max': 999999999}"
Viviendas. Infra y servicios,VPH_TINACO,VPH_TINACO,"Viviendas particulares habitadas que tienen tinaco. Comprende las viviendas particulares para las que se captaron las características de la vivienda, clasificadas como: casa única en el terreno; casa que comparte terreno con otra(s); casa dúplex; departamento en edificio; vivienda en vecindad o cuartería; vivienda en cuarto de azotea de un edificio y no especificado de vivienda particular. Incluye a las viviendas particulares sin información de ocupantes.",False,"{'is_category': 'false', 'min': 0, 'max': 999999999}"
Viviendas. Infra y servicios,VPH_CISTER,VPH_CISTER,"Viviendas particulares habitadas que tienen cisterna o aljibe. Comprende las viviendas particulares para las que se captaron las características de la vivienda, clasificadas como: casa única en el terreno; casa que comparte terreno con otra(s); casa dúplex; departamento en edificio; vivienda en vecindad o cuartería; vivienda en cuarto de azotea de un edificio y no especificado de vivienda particular. Incluye a las viviendas particulares sin información de ocupantes.",False,"{'is_category': 'false', 'min': 0, 'max': 999999999}"
Viviendas. Infra y servicios,VPH_EXCSA,VPH_EXCSA,"Viviendas particulares habitadas que tienen taza de baño (excusado o sanitario). Comprende las viviendas particulares para las que se captaron las características de la vivienda, clasificadas como: casa única en el terreno; casa que comparte terreno con otra(s); casa dúplex; departamento en edificio; vivienda en vecindad o cuartería; vivienda en cuarto de azotea de un edificio y no especificado de vivienda particular. Incluye a las viviendas particulares sin información de ocupantes.",False,"{'is_category': 'false', 'min': 0, 'max': 999999999}"
Viviendas. Infra y servicios,VPH_LETR,VPH_LETR,"Viviendas particulares habitadas que tienen letrina (pozo u hoyo). Comprende las viviendas particulares para las que se captaron las características de la vivienda, clasificadas como: casa única en el terreno; casa que comparte terreno con otra(s); casa dúplex; departamento en edificio; vivienda en vecindad o cuartería; vivienda en cuarto de azotea de un edificio y no especificado de vivienda particular. Incluye a las viviendas particulares sin información de ocupantes.",False,"{'is_category': 'false', 'min': 0, 'max': 999999999}"
Viviendas. Infra y servicios,VPH_DRENAJ,VPH_DRENAJ,"Viviendas particulares habitadas que tienen drenaje conectado a la red pública; una fosa séptica o tanque séptico (biodigestor); una tubería que va a dar a una barranca o grieta, río, lago o mar. Comprende las viviendas particulares para las que se captaron las características de la vivienda, clasificadas como: casa única en el terreno; casa que comparte terreno con otra(s); casa dúplex; departamento en edificio; vivienda en vecindad o cuartería; vivienda en cuarto de azotea de un edificio y no especificado de vivienda particular. Incluye a las viviendas particulares sin información de ocupantes.",False,"{'is_category': 'false', 'min': 0, 'max': 999999999}"
Viviendas. Infra y servicios,VPH_NODREN,VPH_NODREN,"Viviendas particulares habitadas que no tienen drenaje. Comprende las viviendas particulares para las que se captaron las características de la vivienda, clasificadas como: casa única en el terreno; casa que comparte terreno con otra(s); casa dúplex; departamento en edificio; vivienda en vecindad o cuartería; vivienda en cuarto de azotea de un edificio y no especificado de vivienda particular. Incluye a las viviendas particulares sin información de ocupantes.",False,"{'is_category': 'false', 'min': 0, 'max': 999999999}"
Viviendas. Infra y servicios,VPH_C_SERV,VPH_C_SERV,"Viviendas particulares habitadas que tienen energía eléctrica, agua entubada dentro de la vivienda o sólo en el patio o terreno y drenaje conectado a la red pública; una fosa séptica o tanque séptico (biodigestor); una tubería que va a dar a una barranca o grieta, río, lago o mar. Comprende las viviendas particulares para las que se captaron las características de la vivienda, clasificadas como: casa única en el terreno; casa que comparte terreno con otra(s); casa dúplex; departamento en edificio; vivienda en vecindad o cuartería; vivienda en cuarto de azotea de un edificio y no especificado de vivienda particular. Incluye a las viviendas particulares sin información de ocupantes.",False,"{'is_category': 'false', 'min': 0, 'max': 999999999}"
Viviendas. Infra y servicios,VPH_NDEAED,VPH_NDEAED,"Viviendas particulares habitadas que no tienen energía eléctrica, agua entubada ni drenaje. Comprende las viviendas particulares para las que se captaron las características de la vivienda, clasificadas como: casa única en el terreno; casa que comparte terreno con otra(s); casa dúplex; departamento en edificio; vivienda en vecindad o cuartería; vivienda en cuarto de azotea de un edificio y no especificado de vivienda particular. Incluye a las viviendas particulares sin información de ocupantes.",False,"{'is_category': 'false', 'min': 0, 'max': 999999999}"
Viviendas. Infra y servicios,VPH_DSADMA,VPH_DSADMA,"Viviendas particulares habitadas que tienen drenaje conectado a la red pública; una fosa séptica o tanque séptico (biodigestor); una tubería que va a dar a una barranca o grieta, río, lago o mar; taza de baño (excusado o sanitario); letrina (pozo u hoyo) con admisión de agua. Comprende las viviendas particulares para las que se captaron las características de la vivienda, clasificadas como: casa única en el terreno; casa que comparte terreno con otra(s); casa dúplex; departamento en edificio; vivienda en vecindad o cuartería; vivienda en cuarto de azotea de un edificio y no especificado de vivienda particular. Incluye a las viviendas particulares sin información de ocupantes.",False,"{'is_category': 'false', 'min': 0, 'max': 999999999}"
Viviendas. Infra y servicios,VPH_NDACMM,VPH_NDACMM,"Viviendas particulares habitadas que no tienen automóvil o camioneta ni motocicleta o motoneta. Comprende las viviendas particulares para las que se captaron las características de la vivienda, clasificadas como: casa única en el terreno; casa que comparte terreno con otra(s); casa dúplex; departamento en edificio; vivienda en vecindad o cuartería; vivienda en cuarto de azotea de un edificio y no especificado de vivienda particular. Incluye a las viviendas particulares sin información de ocupantes.",False,"{'is_category': 'false', 'min': 0, 'max': 999999999}"
Viviendas. Infra y servicios,VPH_SNBIEN,VPH_SNBIEN,"Viviendas particulares habitadas donde no cuentan con refrigerador; lavadora; horno de microondas automóvil o camioneta; motocicleta o motoneta; bicicleta que se utilice como medio de transporte; algún aparato o dispositivo para oír radio; televisor; computadora, laptop o tablet; Internet; línea telefónica fija; teléfono celular; servicio de televisión de paga (cable o satelital); servicio de películas, música o videos de paga por Internet ni consola de videojuegos. Comprende las viviendas particulares para las que se captaron las características de la vivienda, clasificadas como: casa única en el terreno; casa que comparte terreno con otra(s); casa dúplex; departamento en edificio; vivienda en vecindad o cuartería; vivienda en cuarto de azotea de un edificio y no especificado de vivienda particular. Incluye a las viviendas particulares sin información de ocupantes.",False,"{'is_category': 'false', 'min': 0, 'max': 999999999}"
Viviendas. Infra y servicios,VPH_REFRI,VPH_REFRI,"Viviendas particulares habitadas que tienen refrigerador. Comprende las viviendas particulares para las que se captaron las características de la vivienda, clasificadas como: casa única en el terreno; casa que comparte terreno con otra(s); casa dúplex; departamento en edificio; vivienda en vecindad o cuartería; vivienda en cuarto de azotea de un edificio y no especificado de vivienda particular. Incluye a las viviendas particulares sin información de ocupantes.",False,"{'is_category': 'false', 'min': 0, 'max': 999999999}"
Viviendas. Infra y servicios,VPH_LAVAD,VPH_LAVAD,"Viviendas particulares habitadas que tienen lavadora. Comprende las viviendas particulares para las que se captaron las características de la vivienda, clasificadas como: casa única en el terreno; casa que comparte terreno con otra(s); casa dúplex; departamento en edificio; vivienda en vecindad o cuartería; vivienda en cuarto de azotea de un edificio y no especificado de vivienda particular. Incluye a las viviendas particulares sin información de ocupantes.",False,"{'is_category': 'false', 'min': 0, 'max': 999999999}"
Viviendas. Infra y servicios,VPH_HMICRO,VPH_HMICRO,"Viviendas particulares habitadas que tienen horno de microondas. Comprende las viviendas particulares para las que se captaron las características de la vivienda, clasificadas como: casa única en el terreno; casa que comparte terreno con otra(s); casa dúplex; departamento en edificio; vivienda en vecindad o cuartería; vivienda en cuarto de azotea de un edificio y no especificado de vivienda particular. Incluye a las viviendas particulares sin información de ocupantes.",False,"{'is_category': 'false', 'min': 0, 'max': 999999999}"
Viviendas. Infra y servicios,VPH_AUTOM,VPH_AUTOM,"Viviendas particulares habitadas que tienen automóvil o camioneta. Comprende las viviendas particulares para las que se captaron las características de la vivienda, clasificadas como: casa única en el terreno; casa que comparte terreno con otra(s); casa dúplex; departamento en edificio; vivienda en vecindad o cuartería; vivienda en cuarto de azotea de un edificio y no especificado de vivienda particular. Incluye a las viviendas particulares sin información de ocupantes.",False,"{'is_category': 'false', 'min': 0, 'max': 999999999}"
Viviendas. Infra y servicios,VPH_MOTO,VPH_MOTO,"Viviendas particulares habitadas que tienen motocicleta o motoneta. Comprende las viviendas particulares para las que se captaron las características de la vivienda, clasificadas como: casa única en el terreno; casa que comparte terreno con otra(s); casa dúplex; departamento en edificio; vivienda en vecindad o cuartería; vivienda en cuarto de azotea de un edificio y no especificado de vivienda particular. Incluye a las viviendas particulares sin información de ocupantes.",False,"{'is_category': 'false', 'min': 0, 'max': 999999999}"
Viviendas. Infra y servicios,VPH_BICI,VPH_BICI,"Viviendas particulares habitadas que tienen bicicleta que se utilice como medio de transporte. Comprende las viviendas particulares para las que se captaron las características de la vivienda, clasificadas como: casa única en el terreno; casa que comparte terreno con otra(s); casa dúplex; departamento en edificio; vivienda en vecindad o cuartería; vivienda en cuarto de azotea de un edificio y no especificado de vivienda particular. Incluye a las viviendas particulares sin información de ocupantes.",False,"{'is_category': 'false', 'min': 0, 'max': 999999999}"
Viviendas. Infra y servicios,VPH_RADIO,VPH_RADIO,"Viviendas particulares habitadas que tienen algún aparato o dispositivo para oír radio. Comprende las viviendas particulares para las que se captaron las características de la vivienda, clasificadas como: casa única en el terreno; casa que comparte terreno con otra(s); casa dúplex; departamento en edificio; vivienda en vecindad o cuartería; vivienda en cuarto de azotea de un edificio y no especificado de vivienda particular. Incluye a las viviendas particulares sin información de ocupantes.",False,"{'is_category': 'false', 'min': 0, 'max': 999999999}"
Viviendas. Infra y servicios,VPH_TV,VPH_TV,"Viviendas particulares habitadas que tienen televisor.  Comprende las viviendas particulares para las que se captaron las características de la vivienda, clasificadas como: casa única en el terreno; casa que comparte terreno con otra(s); casa dúplex; departamento en edificio; vivienda en vecindad o cuartería; vivienda en cuarto de azotea de un edificio y no especificado de vivienda particular. Incluye a las viviendas particulares sin información de ocupantes.",False,"{'is_category': 'false', 'min': 0, 'max': 999999999}"
Viviendas. Infra y servicios,VPH_PC,VPH_PC,"Viviendas particulares habitadas que tienen computadora, laptop o tablet. Comprende las viviendas particulares para las que se captaron las características de la vivienda, clasificadas como: casa única en el terreno; casa que comparte terreno con otra(s); casa dúplex; departamento en edificio; vivienda en vecindad o cuartería; vivienda en cuarto de azotea de un edificio y no especificado de vivienda particular. Incluye a las viviendas particulares sin información de ocupantes.",False,"{'is_category': 'false', 'min': 0, 'max': 999999999}"
Viviendas. Infra y servicios,VPH_TELEF,VPH_TELEF,"Viviendas particulares habitadas que tienen línea telefónica fija. Comprende las viviendas particulares para las que se captaron las características de la vivienda, clasificadas como: casa única en el terreno; casa que comparte terreno con otra(s); casa dúplex; departamento en edificio; vivienda en vecindad o cuartería; vivienda en cuarto de azotea de un edificio y no especificado de vivienda particular. Incluye a las viviendas particulares sin información de ocupantes.",False,"{'is_category': 'false', 'min': 0, 'max': 999999999}"
Viviendas. Infra y servicios,VPH_CEL,VPH_CEL,"Viviendas particulares habitadas que tienen teléfono celular. Comprende las viviendas particulares para las que se captaron las características de la vivienda, clasificadas como: casa única en el terreno; casa que comparte terreno con otra(s); casa dúplex; departamento en edificio; vivienda en vecindad o cuartería; vivienda en cuarto de azotea de un edificio y no especificado de vivienda particular. Incluye a las viviendas particulares sin información de ocupantes.",False,"{'is_category': 'false', 'min': 0, 'max': 999999999}"
Viviendas. Infra y servicios,VPH_INTER,VPH_INTER,"Viviendas particulares habitadas que tienen Internet. Comprende las viviendas particulares para las que se captaron las características de la vivienda, clasificadas como: casa única en el terreno; casa que comparte terreno con otra(s); casa dúplex; departamento en edificio; vivienda en vecindad o cuartería; vivienda en cuarto de azotea de un edificio y no especificado de vivienda particular. Incluye a las viviendas particulares sin información de ocupantes.",False,"{'is_category': 'false', 'min': 0, 'max': 999999999}"
Viviendas. Infra y servicios,VPH_STVP,VPH_STVP,"Viviendas particulares habitadas que tienen servicio de televisión de paga (cable o satelital). Comprende las viviendas particulares para las que se captaron las características de la vivienda, clasificadas como: casa única en el terreno; casa que comparte terreno con otra(s); casa dúplex; departamento en edificio; vivienda en vecindad o cuartería; vivienda en cuarto de azotea de un edificio y no especificado de vivienda particular. Incluye a las viviendas particulares sin información de ocupantes.",False,"{'is_category': 'false', 'min': 0, 'max': 999999999}"
Viviendas. Infra y servicios,VPH_SPMVPI,VPH_SPMVPI,"Viviendas particulares habitadas que tienen servicio de películas, música o videos de paga por Internet. Comprende las viviendas particulares para las que se captaron las características de la vivienda, clasificadas como: casa única en el terreno; casa que comparte terreno con otra(s); casa dúplex; departamento en edificio; vivienda en vecindad o cuartería; vivienda en cuarto de azotea de un edificio y no especificado de vivienda particular. Incluye a las viviendas particulares sin información de ocupantes.",False,"{'is_category': 'false', 'min': 0, 'max': 999999999}"
Viviendas. Infra y servicios,VPH_CVJ,VPH_CVJ,"Viviendas particulares habitadas que tienen consola de videojuegos. Comprende las viviendas particulares para las que se captaron las características de la vivienda, clasificadas como: casa única en el terreno; casa que comparte terreno con otra(s); casa dúplex; departamento en edificio; vivienda en vecindad o cuartería; vivienda en cuarto de azotea de un edificio y no especificado de vivienda particular. Incluye a las viviendas particulares sin información de ocupantes.",False,"{'is_category': 'false', 'min': 0, 'max': 999999999}"
Viviendas. Infra y servicios,VPH_SINRTV,VPH_SINRTV,"Viviendas particulares habitadas que no cuentan con algún aparato o dispositivo para oír radio ni televisor. Comprende las viviendas particulares para las que se captaron las características de la vivienda, clasificadas como: casa única en el terreno; casa que comparte terreno con otra(s); casa dúplex; departamento en edificio; vivienda en vecindad o cuartería; vivienda en cuarto de azotea de un edificio y no especificado de vivienda particular. Incluye a las viviendas particulares sin información de ocupantes.",False,"{'is_category': 'false', 'min': 0, 'max': 999999999}"
Viviendas. Infra y servicios,VPH_SINLTC,VPH_SINLTC,"Viviendas particulares habitadas que no cuentan con línea telefónica fija, ni teléfono celular. Comprende las viviendas particulares para las que se captaron las características de la vivienda, clasificadas como: casa única en el terreno; casa que comparte terreno con otra(s); casa dúplex; departamento en edificio; vivienda en vecindad o cuartería; vivienda en cuarto de azotea de un edificio y no especificado de vivienda particular. Incluye a las viviendas particulares sin información de ocupantes.",False,"{'is_category': 'false', 'min': 0, 'max': 999999999}"
Viviendas. Infra y servicios,VPH_SINCINT,VPH_SINCINT,"Viviendas particulares habitadas que no cuentan con computadora, laptop o tablet ni Internet. Comprende las viviendas particulares para las que se captaron las características de la vivienda, clasificadas como: casa única en el terreno; casa que comparte terreno con otra(s); casa dúplex; departamento en edificio; vivienda en vecindad o cuartería; vivienda en cuarto de azotea de un edificio y no especificado de vivienda particular. Incluye a las viviendas particulares sin información de ocupantes.",False,"{'is_category': 'false', 'min': 0, 'max': 999999999}"
Viviendas. Infra y servicios,VPH_SINTIC,VPH_SINTIC,"Viviendas particulares habitadas que no cuentan con algún aparato o dispositivo para oír radio; televisor; computadora, laptop o tablet; línea telefónica fija; teléfono celular; Internet; servicio de televisión de paga (cable o satelital); servicio de películas, música o videos de paga por Internet ni consola de videojuegos. Comprende las viviendas particulares para las que se captaron las características de la vivienda, clasificadas como: casa única en el terreno; casa que comparte terreno con otra(s); casa dúplex; departamento en edificio; vivienda en vecindad o cuartería; vivienda en cuarto de azotea de un edificio y no especificado de vivienda particular. Incluye a las viviendas particulares sin información de ocupantes.",False,"{'is_category': 'false', 'min': 0, 'max': 999999999}"
Población. Demografía.,TAMLOC,TAMLOC,"Total de personas que residen habitualmente en la localidad, y se clasifica el tamaño con base en el número de la población de la localidad.",False,"{'is_category': 'false', 'min': 0, 'max': 999999999}"
